txn_id,sender_id,receiver_id,amount_inr,timestamp,device_fingerprint
52c2f6d4-aeb4-4d41-ab90-2beafff084e7,ACC_0173,ACC_0060,23837.63,2024-06-03T03:17:00,DEV_04600
8a7fb666-df86-48fa-ba89-25fd464ac7eb,ACC_0093,ACC_0142,14785.5,2024-06-02T11:22:00,DEV_04131
8aab729a-de15-470e-90a6-512c25e21185,ACC_0119,ACC_0106,3183.05,2024-06-02T20:23:00,DEV_02964
6ee692c5-9fc9-4c95-bd5a-38b8480056f9,ACC_0195,ACC_0149,22720.36,2024-06-02T23:32:00,DEV_02648
fb3203ff-1731-40a7-80da-5743285b6a09,ACC_0070,ACC_0086,16325.3,2024-06-02T21:52:00,DEV_00661
67bb318b-100e-4d36-bcba-f2f76d839bc9,ACC_0110,ACC_0081,33422.17,2024-06-02T10:33:00,DEV_01251
6e49794d-47da-4dee-b4d4-cfbc1ec6b9cb,ACC_0091,ACC_0200,28213.67,2024-06-02T12:44:00,DEV_01267
38639719-9654-43d7-82c0-4a6b14663718,ACC_0105,ACC_0116,34623.18,2024-06-02T17:04:00,DEV_02386
85232f79-2412-419e-a512-f39a063ed4cf,ACC_0100,ACC_0105,38835.23,2024-06-03T07:20:00,DEV_04898
ceb768cc-6a9c-4e32-a915-2697234da7ca,ACC_0141,ACC_0041,20641.51,2024-06-02T17:28:00,DEV_03912
b4567f77-b64c-41bc-9f6c-6cb9cd552e9d,ACC_0103,ACC_0085,14290.57,2024-06-01T13:44:00,DEV_02287
adf7fef2-8a3b-44e8-b586-f3bfb050b095,ACC_0100,ACC_0087,33608.58,2024-06-02T12:36:00,DEV_01353
58c55def-2312-4655-a507-623194350e4a,ACC_0040,ACC_0049,15186.74,2024-06-01T12:59:00,DEV_04745
d9c78daf-aefd-439f-86d8-ec7c9a9695ed,ACC_0101,ACC_0152,28436.84,2024-06-01T10:51:00,DEV_00688
f94755fd-ae6f-40a5-a661-f8c3309e55fe,ACC_0153,ACC_0017,19545.6,2024-06-03T01:40:00,DEV_03835
58748888-a1a6-46ee-8e6e-6fb7e5f8e648,SMURF_06,MULE_AGG,4274.9,2024-06-01T09:29:30,MULE_DEV_SMURF
62ba9e4c-5432-46c9-a72e-383f69e8c96e,ACC_0071,ACC_0198,39604.52,2024-06-02T13:19:00,DEV_02785
96e2f1fb-4790-4340-bc32-4ee3ac897149,ACC_0090,ACC_0165,25715.07,2024-06-03T07:23:00,DEV_04393
17038807-0212-4552-8c4c-a2712ec7c6e5,ACC_0117,ACC_0078,10361.04,2024-06-02T11:15:00,DEV_03959
a7dd9d8a-f49d-470b-9569-52bc59c4612a,ACC_0077,ACC_0193,19803.95,2024-06-02T13:36:00,DEV_04410
b92f4785-2f65-4aa1-8284-486877cf88d4,ACC_0174,ACC_0194,36185.23,2024-06-03T06:00:00,DEV_01121
7b2fd9e9-f30e-4e65-bbf0-4aac5b105fc7,ACC_0191,ACC_0138,47567.49,2024-06-03T08:06:00,DEV_01517
0b38ebe4-eee9-4e57-8f4c-5619b86c2873,ACC_0009,ACC_0033,3827.98,2024-06-03T05:02:00,DEV_03001
cf2350d7-51f1-4b28-925f-4b1c5b0c6cbd,ACC_0079,ACC_0170,29286.42,2024-06-02T17:18:00,DEV_04535
e2e33dc4-87e7-41ea-a97a-22226cb265bc,ACC_0197,ACC_0125,10004.07,2024-06-01T18:23:00,DEV_01270
12d2bbdc-9992-460b-903d-77795f8981ba,ACC_0027,ACC_0004,28915.6,2024-06-02T17:02:00,DEV_03922
9f692529-4f59-4eed-8585-2632bc768988,ACC_0070,ACC_0114,33265.3,2024-06-02T18:09:00,DEV_04974
5f8bbda7-e985-439c-8be4-0465f2afb68d,ACC_0076,ACC_0059,18363.25,2024-06-02T05:38:00,DEV_00116
3e124497-48ff-4fd9-af10-da686670dd12,ACC_0074,ACC_0166,3428.49,2024-06-01T15:06:00,DEV_04704
8dd3c492-04c5-41e8-b877-7737be210b0f,ACC_0087,ACC_0117,20236.75,2024-06-01T15:29:00,DEV_02561
9bf59672-7f79-4b59-8087-a2d2f639dd74,ACC_0146,ACC_0159,3481.34,2024-06-01T15:46:00,DEV_01703
f78f7d4b-8431-426e-bed4-29e588147ec4,ACC_0136,ACC_0089,21562.01,2024-06-02T22:34:00,DEV_02710
808e489d-f6fd-49f4-b352-f77ba8f2f27a,ACC_0044,ACC_0045,4408.85,2024-06-02T11:06:00,DEV_01973
5b702bc5-e55e-4aba-ab3d-15644b87251b,ACC_0197,ACC_0147,21120.63,2024-06-03T04:37:00,DEV_00249
1931fff9-5046-496e-807e-3b681dcd9353,ACC_0004,ACC_0108,41204.56,2024-06-01T16:12:00,DEV_03552
4a985480-6d17-414e-8bc4-cfaee009c621,ACC_0128,ACC_0161,27505.54,2024-06-03T04:49:00,DEV_02475
9dea2946-0506-46f9-9859-101227d91a08,ACC_0157,ACC_0082,8543.69,2024-06-03T03:05:00,DEV_02452
8ca1e6cb-e1aa-4fde-8007-80e8fc486009,ACC_0161,ACC_0081,7972.24,2024-06-01T13:39:00,DEV_03842
1c0c300f-aff6-4a86-bd77-2435f5efb208,ACC_0131,ACC_0127,4999.92,2024-06-01T12:12:00,DEV_00899
125b201b-dc49-40ef-859f-24007e31194f,ACC_0147,ACC_0167,9817.67,2024-06-03T02:18:00,DEV_03897
c1fc40dc-d8e2-4fc3-8e15-fd16975deb3c,ACC_0088,ACC_0183,4674.21,2024-06-03T05:06:00,DEV_01414
f600abb8-f05e-48b0-9c94-3cb992aec0ff,ACC_0075,ACC_0030,20548.69,2024-06-02T07:10:00,DEV_01408
6c4e4230-2262-40c0-b731-b3f1cde0a66b,ACC_0127,ACC_0113,4481.79,2024-06-01T11:43:00,DEV_03540
1c861133-b49e-431c-bbc7-9245d3676055,ACC_0057,ACC_0086,39065.56,2024-06-01T14:12:00,DEV_04182
5ac44407-872d-47d4-bb0d-437c1de529ce,ACC_0183,ACC_0086,40295.51,2024-06-02T20:27:00,DEV_03744
221d7426-6c2e-4207-bed2-e7801d7cfa37,ACC_0152,ACC_0149,8132.46,2024-06-03T05:58:00,DEV_04958
fd33e68c-a78a-460f-998d-072ba5affae3,ACC_0200,ACC_0136,45964.51,2024-06-03T01:53:00,DEV_02656
06eb053a-10a3-4d91-bb8e-f05eef22f46c,ACC_0007,ACC_0046,36959.2,2024-06-02T07:40:00,DEV_03373
daffc7c4-a25d-4d58-b7be-351400cfd1ca,ACC_0155,ACC_0184,21592.32,2024-06-03T08:05:00,DEV_03637
2d31f96d-60cf-49f2-8063-2b8a51a18e60,ACC_0164,ACC_0160,23126.67,2024-06-01T16:34:00,DEV_04095
6e58c18b-1e67-481f-bf93-2606070ffd08,ACC_0193,ACC_0108,12987.19,2024-06-01T14:35:00,DEV_03853
f0fc7439-db29-4ad4-879a-a921767f3b10,ACC_0006,ACC_0024,47288.08,2024-06-02T19:30:00,DEV_03746
c29b472c-81bd-4a94-8997-49db59657d7b,ACC_0148,ACC_0185,15979.08,2024-06-01T19:52:00,DEV_04082
b6d3c833-a98a-42a1-afde-34a1d2c29c08,ACC_0117,ACC_0088,8291.6,2024-06-02T06:16:00,DEV_02658
05fc5628-de09-472a-8f53-61c2903076a6,ACC_0119,ACC_0149,27938.11,2024-06-01T11:48:00,DEV_03685
baa4b12b-eb89-47d0-b635-471770dd1ae5,ACC_0035,ACC_0119,33544.43,2024-06-02T23:09:00,DEV_04878
f73fe6cf-8209-428e-8ba3-4b5e9a191e1c,ACC_0130,ACC_0069,41116.38,2024-06-02T04:18:00,DEV_02446
b952fe7f-1901-4279-a7f6-56e3a250a84e,ACC_0195,ACC_0181,23720.48,2024-06-03T03:00:00,DEV_00044
0205bc2d-2615-469d-81a6-5fd5d978b3f8,ACC_0069,ACC_0022,36489.8,2024-06-01T14:23:00,DEV_03528
cddc763b-fd29-479c-a14b-8c000ef218ea,ACC_0119,ACC_0098,13862.15,2024-06-03T04:41:00,DEV_04563
9f5e0830-08f3-4de9-b221-5029fbcd528a,ACC_0188,ACC_0152,13785.31,2024-06-02T01:45:00,DEV_00710
1748ab91-ec4f-4b0d-a025-37034e61c691,ACC_0073,ACC_0132,33360.1,2024-06-03T03:16:00,DEV_02746
71518557-21a1-4b60-b6c9-8786cca22fcc,ACC_0116,ACC_0129,11466.49,2024-06-03T02:59:00,DEV_00356
6feff408-33df-4959-bdfd-4ed34d0fb93c,ACC_0012,ACC_0091,27527.13,2024-06-03T04:52:00,DEV_01435
d00f6d3f-932a-4916-bc75-caf1b7a0d7a5,ACC_0088,ACC_0072,44074.96,2024-06-03T08:52:00,DEV_02264
b72bdf0c-df88-40a7-bbfb-f3b18e4a6ba5,ACC_0126,ACC_0182,28364.19,2024-06-02T17:25:00,DEV_00137
189eb303-c0cc-4aff-bdcb-e8ed01e8cec2,ACC_0117,ACC_0074,21438.45,2024-06-02T22:56:00,DEV_03987
d09b68f3-13a8-4462-a252-2e9181bda558,ACC_0058,ACC_0110,42334.34,2024-06-03T03:26:00,DEV_04561
f30ab7d5-5afd-41be-9003-106f3b85f099,ACC_0169,ACC_0103,3944.41,2024-06-03T04:13:00,DEV_00252
cd776f6c-ed43-4704-8e48-6ad269b98ec2,ACC_0087,ACC_0145,2539.08,2024-06-01T10:56:00,DEV_00666
b6280003-2f85-4de4-b997-927420130bfd,ACC_0006,ACC_0196,33777.27,2024-06-02T03:23:00,DEV_04721
cf5ab9c2-659f-4af4-a060-444567cd61ea,ACC_0018,ACC_0063,18791.22,2024-06-01T19:46:00,DEV_03590
61fa87b0-91c9-49bd-8e2d-98438cc0a91b,ACC_0200,ACC_0176,23498.37,2024-06-03T08:28:00,DEV_03921
b290433f-c8fb-492f-8ab6-fcdb145f33f9,ACC_0020,ACC_0037,37829.74,2024-06-02T00:24:00,DEV_03256
1d1ab367-740b-4c8e-a5e6-a955ce362d19,ACC_0116,ACC_0196,27717.38,2024-06-03T03:32:00,DEV_00974
7efb0ba6-b7c9-4f61-8f51-4be68d6a237f,ACC_0149,ACC_0068,2393.69,2024-06-03T01:43:00,DEV_03560
9d0c8adc-d13b-4b8d-9300-845edc4b3410,MULE_A3,MULE_A1,56275.26,2024-06-01T09:56:00,MULE_DEV_L3A
53578607-828a-4ada-8a5e-8d089baaff7d,ACC_0025,ACC_0143,34079.1,2024-06-02T04:23:00,DEV_02065
7771786e-ae99-41e2-806c-2bd39e8be285,ACC_0081,ACC_0148,21749.14,2024-06-02T12:36:00,DEV_03422
6d2b5368-5710-4d99-beca-dc4631c6a5c0,ACC_0083,ACC_0005,9125.01,2024-06-01T12:34:00,DEV_01039
a162fe99-d4bf-41c8-95ac-e208356762f2,ACC_0156,ACC_0037,15972.52,2024-06-02T06:47:00,DEV_02830
f0b66b50-33a8-4263-b6d6-1f016f954f64,ACC_0062,ACC_0045,27823.06,2024-06-01T19:41:00,DEV_00022
faf34657-342c-4f0f-a460-7d87eb901544,ACC_0112,ACC_0028,12543.92,2024-06-03T01:12:00,DEV_03281
688ee0e2-f84c-4593-8ac4-d76e2db87210,ACC_0187,ACC_0156,26624.16,2024-06-01T16:35:00,DEV_02361
1a69633e-85d4-47be-b723-b343ce6c4263,ACC_0025,ACC_0169,21836.6,2024-06-02T13:54:00,DEV_03368
1172d825-5afc-49d6-9683-70ab61a8974f,SMURF_07,MULE_AGG,5367.16,2024-06-01T09:30:00,MULE_DEV_SMURF
474d3d8a-4a51-4c77-a757-0354b54aedcd,ACC_0014,ACC_0162,32540.97,2024-06-01T13:29:00,DEV_02701
48a3aa11-db1d-42cd-9fec-0616022a63eb,ACC_0054,ACC_0144,16589.63,2024-06-03T06:12:00,DEV_03919
efe8422b-47aa-4f6c-993e-cb891c485805,ACC_0015,ACC_0091,25612.67,2024-06-02T06:11:00,DEV_03783
f40b3f23-c385-436e-8a80-f5a38593a2cc,ACC_0155,ACC_0047,27500.44,2024-06-02T06:55:00,DEV_00841
2600e1a7-f2b1-4232-afca-29b592379ffd,ACC_0096,ACC_0065,37491.42,2024-06-02T09:22:00,DEV_00554
e6b21e07-51ef-4270-a0ef-a750da68abf7,ACC_0185,ACC_0037,20793.53,2024-06-03T05:41:00,DEV_01265
a4bb9769-10a7-4fbd-a845-9647776a4051,ACC_0143,ACC_0003,26072.53,2024-06-01T22:02:00,DEV_00702
f03b5ef2-2016-43bf-9fd6-ace3befca976,MULE_A1,MULE_A2,78717.13,2024-06-01T09:40:00,MULE_DEV_L3A
4812d9a7-f0c5-48ff-beca-ba625465376c,MULE_C1,MULE_C2,88008.91,2024-06-01T09:06:00,MULE_DEV_L3C
7bd527fc-2b8d-405c-b7f8-74ff417adc3b,ACC_0041,ACC_0194,31082.37,2024-06-03T07:00:00,DEV_00669
9d4836bb-1045-4e43-9c79-df12f4c46f01,MULE_D1,MULE_D2,109370.85,2024-06-01T09:01:00,MULE_DEV_L4
3ac6292f-a505-4f5e-8fd4-a1e597afd3d1,ACC_0076,ACC_0180,15113.63,2024-06-03T05:56:00,DEV_03243
76065d05-50ac-4bdb-afc3-4c5b2aa41cf6,ACC_0090,ACC_0187,47931.1,2024-06-03T05:03:00,DEV_01210
5dc1a1f7-2aea-4a38-a266-92f20c526e9c,ACC_0103,ACC_0034,38152.16,2024-06-02T20:09:00,DEV_04602
b3642a9c-bf3f-4508-847d-189337106162,ACC_0071,ACC_0164,49010.37,2024-06-01T12:54:00,DEV_00615
4c5f0a1c-79ee-412e-a8ed-690f08fb4bd5,ACC_0160,ACC_0194,25174.91,2024-06-02T15:10:00,DEV_00423
95c9ea55-00aa-4ac4-bc01-d9a8d4749925,ACC_0113,ACC_0088,9625.82,2024-06-01T12:30:00,DEV_02069
68e1056e-b231-40d4-bcd7-76ba668b6e6c,ACC_0012,ACC_0165,38664.84,2024-06-02T03:04:00,DEV_01727
88171527-f22c-4a28-9f41-8ba3336587ce,ACC_0169,ACC_0124,11599.9,2024-06-01T16:23:00,DEV_02869
bb769f32-8256-41e8-a65f-084c29012112,ACC_0160,ACC_0081,33337.02,2024-06-01T17:30:00,DEV_02461
dbab157d-d0cf-4347-9680-4e045f80acef,ACC_0125,ACC_0135,33522.39,2024-06-01T12:06:00,DEV_01807
d705cd74-efd5-464e-af03-76c68ad8a2b3,ACC_0163,ACC_0030,26764.41,2024-06-01T22:14:00,DEV_02863
d40091a5-ad87-4ee6-bf8e-d2f7118ce446,ACC_0029,ACC_0076,22020.45,2024-06-02T15:58:00,DEV_00027
90430b21-10a2-49f3-ab92-1df5559efe59,ACC_0174,ACC_0097,20134.0,2024-06-01T22:32:00,DEV_00623
06589971-6a04-4f5b-9777-4cd80ae859e1,ACC_0163,ACC_0109,41551.9,2024-06-01T12:00:00,DEV_00030
35b30768-630c-4d92-87b5-50911b3469dc,SMURF_01,MULE_AGG,8975.6,2024-06-01T09:27:00,MULE_DEV_SMURF
71bb8314-de32-4479-9330-4e8078acb118,ACC_0063,ACC_0038,32974.22,2024-06-01T09:22:00,DEV_00874
182a0ab9-8f9a-4c11-8d65-707143fd3a05,ACC_0053,ACC_0018,41575.15,2024-06-02T22:50:00,DEV_01698
38e78878-da69-48d3-a286-08ebd4235476,ACC_0034,ACC_0098,26862.29,2024-06-02T00:42:00,DEV_04099
d5f06521-a1da-4c64-9d31-86637b437bfa,ACC_0145,ACC_0056,23518.72,2024-06-02T02:29:00,DEV_03022
00e6eb32-b3c8-457d-b7d4-4f3dfba041ba,ACC_0049,ACC_0032,47475.09,2024-06-02T16:02:00,DEV_00751
7827a76d-608c-433c-ae3f-c4faae2a9a05,ACC_0186,ACC_0169,48237.33,2024-06-03T02:08:00,DEV_01232
918cf292-9cdb-4d95-8919-ce8d011340dd,ACC_0181,ACC_0055,3679.26,2024-06-02T12:49:00,DEV_02711
2d5d05a3-f82c-4d0d-a4e1-49e43a5a751b,ACC_0050,ACC_0184,34968.84,2024-06-02T18:44:00,DEV_03274
758184ab-75bd-4656-b280-fb210e459b37,ACC_0199,ACC_0146,30012.48,2024-06-01T12:35:00,DEV_01275
bcce4ec6-9083-4e60-bfa2-e962e4710bc2,ACC_0136,ACC_0065,48567.41,2024-06-01T09:47:00,DEV_00939
2f359724-c4c7-4b70-9c95-7e3f5c0c12b2,ACC_0140,ACC_0181,15474.3,2024-06-03T05:38:00,DEV_04334
b4fd58de-e30e-4649-93a0-c04045da7fd8,ACC_0079,ACC_0186,43668.03,2024-06-03T03:57:00,DEV_00219
11a9830c-04c2-449d-8fe3-d31f007064b6,ACC_0062,ACC_0056,29374.95,2024-06-01T12:19:00,DEV_00415
7408cbaa-b7fb-40c9-85b2-19bc49d106b3,ACC_0059,ACC_0192,4973.69,2024-06-01T15:43:00,DEV_00824
49fa5306-d45d-4589-ac82-df7c873b3cc6,ACC_0122,ACC_0063,39337.88,2024-06-02T12:47:00,DEV_01560
e246ff19-6563-460d-a0ac-893b6b1712ae,ACC_0143,ACC_0016,29529.44,2024-06-02T23:20:00,DEV_04602
7bd8db03-bea3-42b8-a4c2-cf0458e652ac,ACC_0194,ACC_0008,47504.83,2024-06-01T22:36:00,DEV_00167
e493dd9c-f8f9-4837-8eff-2dddcd44bf50,ACC_0017,ACC_0087,1541.17,2024-06-02T22:48:00,DEV_01886
4826462a-ab3b-4ae0-9820-bb3497178e75,ACC_0038,ACC_0175,12488.49,2024-06-03T00:05:00,DEV_00901
c2d0d871-d67c-4073-a4dd-678496d3d5a2,ACC_0126,ACC_0005,6037.34,2024-06-02T09:46:00,DEV_02520
67b36a71-c72c-4de9-9cbd-2da06d9da0d3,ACC_0024,ACC_0166,33686.9,2024-06-02T19:42:00,DEV_02965
ba7eced7-59a0-4e63-906f-ce996b536dcc,ACC_0189,ACC_0139,3517.34,2024-06-02T06:24:00,DEV_00469
7815d357-e0c3-4158-bd5b-740a6ae7c176,ACC_0192,ACC_0123,11092.13,2024-06-02T21:46:00,DEV_02222
78964645-dbc8-417d-a8d7-55ae7c732bea,ACC_0090,ACC_0002,9479.39,2024-06-01T18:46:00,DEV_04640
e88abead-dc15-410a-9887-f529c1c246c0,ACC_0189,ACC_0187,3582.86,2024-06-01T18:25:00,DEV_04250
87cee3d6-d840-4ec4-ac5c-a36b7fc99852,ACC_0089,ACC_0111,5988.93,2024-06-03T07:17:00,DEV_04859
ef1405d4-36be-4ecc-9b9e-528679adc991,ACC_0038,ACC_0063,26792.2,2024-06-02T23:38:00,DEV_01476
a2c532d0-a02f-46f8-b583-906a7b8d8098,ACC_0190,ACC_0108,26540.71,2024-06-01T13:20:00,DEV_03902
e95feeae-d978-49ab-81b2-38130b980a94,ACC_0166,ACC_0039,45465.46,2024-06-01T18:42:00,DEV_00585
2b5c50de-657c-4510-ad92-dc28bcd23e5d,ACC_0159,ACC_0021,21251.21,2024-06-03T00:50:00,DEV_04631
80377d56-d186-47b9-8069-1a793e691378,ACC_0185,ACC_0014,48434.76,2024-06-03T01:59:00,DEV_02560
5c404212-cc4f-46d3-8974-7edcd4e41c09,ACC_0152,ACC_0177,41612.47,2024-06-02T01:34:00,DEV_00835
947081fb-c432-4d32-a627-e15d22d44d62,ACC_0039,ACC_0156,44709.13,2024-06-01T18:32:00,DEV_02687
34ba6263-d96b-4f9f-a7e2-849117bccd44,ACC_0191,ACC_0113,44783.66,2024-06-02T11:23:00,DEV_02778
2b65c875-00a2-450a-9347-c3969c7c3147,SMURF_05,MULE_AGG,8226.73,2024-06-01T09:29:00,MULE_DEV_SMURF
073ca558-b8ea-42b5-9c60-ab248d702dad,ACC_0167,ACC_0018,39170.25,2024-06-03T05:29:00,DEV_00330
bf7819e6-d932-496f-8a0f-c5e361e37896,ACC_0032,ACC_0035,42714.05,2024-06-02T15:51:00,DEV_01415
079f7f44-0109-49cc-b91d-c5323804958f,ACC_0099,ACC_0158,21197.25,2024-06-01T19:54:00,DEV_02683
b125b624-7df4-4111-a6d6-a53392164dc8,ACC_0158,ACC_0137,5124.61,2024-06-03T04:45:00,DEV_01382
4881609d-72ad-4ddb-9206-44d35508c3d6,ACC_0016,ACC_0104,36545.84,2024-06-01T16:27:00,DEV_02037
2372b7d8-45ba-483a-8c2c-b4bdd5c363f2,ACC_0181,ACC_0054,34666.19,2024-06-02T18:22:00,DEV_02598
e4486211-f7fe-4ef0-8a90-a9281660005d,ACC_0160,ACC_0163,29474.97,2024-06-02T07:11:00,DEV_03121
135b119f-1660-49fa-b9f3-3fc1d8e256cb,ACC_0093,ACC_0099,47497.67,2024-06-01T11:12:00,DEV_04957
4615de8e-9277-4fc0-880e-9ca5e269912c,ACC_0156,ACC_0091,11340.51,2024-06-01T21:58:00,DEV_02054
94a9a6a1-9d1b-4508-a888-6560fb417bcd,ACC_0131,ACC_0181,14034.26,2024-06-02T17:56:00,DEV_03869
b2ae5e73-14ce-44ac-81e0-6c221d019e15,ACC_0043,ACC_0098,606.69,2024-06-02T11:39:00,DEV_02173
9c17c202-5405-4b5c-8467-5dadfc04e45d,ACC_0062,ACC_0068,20091.0,2024-06-03T06:51:00,DEV_02458
70606080-bf65-42cd-8fdc-a16606fc53a4,ACC_0022,ACC_0196,8435.3,2024-06-02T15:40:00,DEV_04206
52d98880-9caf-4e1a-95ed-6717a45fbd38,ACC_0060,ACC_0137,37064.24,2024-06-01T11:32:00,DEV_01435
fca457b3-53e4-4599-b3e8-a357c14e2cfd,ACC_0061,ACC_0042,48821.22,2024-06-01T21:05:00,DEV_03378
4d940d6c-96e5-4f3d-898e-8bdb4537a6eb,ACC_0030,ACC_0007,36915.17,2024-06-02T19:04:00,DEV_04242
215d7cc7-2045-4659-9bca-ee375652fc50,ACC_0059,ACC_0173,41879.12,2024-06-03T00:16:00,DEV_04810
7d55e389-0f75-46c9-a549-e1e687eb86fe,ACC_0161,ACC_0055,13599.72,2024-06-01T14:32:00,DEV_01287
e4bb7f3b-718b-4e99-b40e-b557bd6a2d99,ACC_0170,ACC_0055,32263.73,2024-06-03T01:45:00,DEV_00175
b8ff6304-473e-412c-8559-543f22b0b523,ACC_0024,ACC_0192,26758.36,2024-06-02T10:40:00,DEV_03440
6d35bf39-512d-47f1-b6f7-500301faee93,ACC_0179,ACC_0125,6510.47,2024-06-03T04:00:00,DEV_04988
6a532396-913a-4ffa-a167-f5c79065f777,ACC_0044,ACC_0135,31636.12,2024-06-03T03:18:00,DEV_03115
32449aa2-2645-49a7-b0c3-b1deb93a05ff,ACC_0015,ACC_0032,26145.54,2024-06-02T05:45:00,DEV_01349
fae9e23c-ed3d-4821-b622-e18245f068fa,ACC_0089,ACC_0198,40327.68,2024-06-02T04:49:00,DEV_00345
c39d1872-163a-4733-8a4e-0a1f06d7118b,ACC_0138,ACC_0055,25540.79,2024-06-01T18:02:00,DEV_02860
f2ee090f-9b90-46df-a852-9f4578def09b,ACC_0197,ACC_0033,6855.25,2024-06-02T17:26:00,DEV_04504
32d65cf2-05a8-4691-b60f-b1713c3be853,ACC_0168,ACC_0083,23516.45,2024-06-02T15:11:00,DEV_01751
063ff290-8201-4f35-af26-e89a64e08715,ACC_0055,ACC_0139,37884.87,2024-06-03T08:05:00,DEV_01648
23320808-1670-441b-8b3b-1f5c6b9ec427,ACC_0129,ACC_0070,41607.56,2024-06-02T02:32:00,DEV_03948
f55397c5-7adb-4d6a-8ecc-57a6dc61988e,ACC_0170,ACC_0087,43880.57,2024-06-03T03:11:00,DEV_01074
d3232c9c-ac45-443c-b7a7-132eada6d207,ACC_0165,ACC_0110,7216.99,2024-06-02T16:31:00,DEV_01489
612d6c59-e3c9-467b-bf4a-7629915dd0c7,ACC_0182,ACC_0137,6765.73,2024-06-01T12:06:00,DEV_00447
de72e268-b312-4c45-823c-7bded0cf6050,ACC_0062,ACC_0063,3012.84,2024-06-02T21:15:00,DEV_01849
18486d57-c4e7-4eb8-bdcd-a193293fe7a9,MULE_D2,MULE_D3,123663.99,2024-06-01T09:08:00,MULE_DEV_L4
e0459cf5-0b02-4fc7-839a-f7664d77c41d,ACC_0060,ACC_0031,36202.85,2024-06-02T06:32:00,DEV_00980
5c05d4e3-96f2-4770-8915-f71f933702cb,ACC_0008,ACC_0037,42508.28,2024-06-03T07:17:00,DEV_03590
415ba86b-6291-4841-9851-2df3014c6bca,ACC_0135,ACC_0097,16030.44,2024-06-01T20:49:00,DEV_03766
dc8921ce-9c42-49b0-9369-b8995d0d3da0,ACC_0094,ACC_0194,7641.09,2024-06-03T02:07:00,DEV_04171
92529067-0d00-4b28-88ab-991044b67a35,ACC_0185,ACC_0056,21788.03,2024-06-02T00:35:00,DEV_03390
b1307793-e025-439e-bc93-b8c8e217e592,MULE_ORIGIN,SMURF_01,6153.52,2024-06-01T09:03:00,MULE_DEV_SMURF
9193218f-cd16-4995-929d-dfbc699016ca,ACC_0061,ACC_0127,1801.03,2024-06-02T22:49:00,DEV_04689
1ea46fdc-44a2-4dd7-bf4c-bb4eb34dae90,ACC_0005,ACC_0093,15788.56,2024-06-01T23:37:00,DEV_02800
4272cc36-bc2f-485f-85ee-2e0129bad21e,ACC_0096,ACC_0061,19614.84,2024-06-01T14:34:00,DEV_03072
3ecb445b-60d5-4cc8-a453-ff6d21f8b3ec,ACC_0114,ACC_0107,14021.49,2024-06-02T19:58:00,DEV_00933
b6d32278-eca9-4ae3-9d19-c7bc251ecc36,ACC_0144,ACC_0179,13944.99,2024-06-01T16:27:00,DEV_04808
d02eeb0d-ae3c-4ddd-8af5-2fcfd544fbd9,ACC_0094,ACC_0111,3963.63,2024-06-03T06:20:00,DEV_02705
18a7a753-f35c-40b7-b164-84e2e232db6e,MULE_ORIGIN,SMURF_08,4472.72,2024-06-01T09:08:15,MULE_DEV_SMURF
c9d459bf-0a9f-4159-9c34-8c56fe4a6518,ACC_0183,ACC_0114,49863.49,2024-06-03T07:33:00,DEV_02619
1b028bb6-aca0-44d1-b0d7-9fad7bb1707d,ACC_0135,ACC_0140,25612.21,2024-06-02T19:39:00,DEV_04540
063cf465-a69b-4c66-9575-9ae35d6100f6,ACC_0022,ACC_0188,24556.04,2024-06-01T13:43:00,DEV_04364
45fcc3bc-25f6-495d-8370-0f60c97c7337,ACC_0187,ACC_0169,26311.31,2024-06-02T16:16:00,DEV_00256
7abcebef-1133-4aef-809d-c1a73153c5a5,ACC_0139,ACC_0034,36305.23,2024-06-02T23:58:00,DEV_04721
9d15ca93-16a5-4600-ae71-54b86216ca6f,ACC_0011,ACC_0092,10898.58,2024-06-02T02:02:00,DEV_00843
6db31e0b-39fc-4087-a634-12487c8edac7,ACC_0199,ACC_0038,39537.08,2024-06-03T01:41:00,DEV_00024
dac47c92-a51d-438b-b632-0a1e57664af7,ACC_0116,ACC_0067,37712.2,2024-06-03T04:31:00,DEV_02272
f4d10ecc-d68e-43d9-82e3-bd7990e0366e,ACC_0081,ACC_0080,26010.97,2024-06-02T22:04:00,DEV_03879
303d797c-3ae2-433f-8d39-4834476476e9,ACC_0053,ACC_0069,27685.82,2024-06-02T04:39:00,DEV_03590
fe924818-86c9-4315-88be-c4cd66784238,ACC_0084,ACC_0015,15021.41,2024-06-02T10:35:00,DEV_03529
527d70d3-e118-4c85-a282-376b68e4b7b8,ACC_0196,ACC_0148,19328.48,2024-06-01T09:24:00,DEV_02882
dba6942a-0636-4b3d-b6d8-fb387e5a2b14,MULE_ORIGIN,SMURF_02,6063.39,2024-06-01T09:03:45,MULE_DEV_SMURF
b4d10d72-d947-4b85-8aae-188460c69018,ACC_0179,ACC_0076,27942.86,2024-06-01T22:05:00,DEV_03445
ec015be5-6a44-4137-b422-78de7cb3042b,ACC_0074,ACC_0113,6655.38,2024-06-03T08:00:00,DEV_02492
2b11432f-45e4-46c3-8c7a-0690b0cba563,ACC_0118,ACC_0066,33507.95,2024-06-02T16:45:00,DEV_02357
8d2a81ee-5386-4f6f-b3c2-04ad89cfdb88,ACC_0091,ACC_0180,22959.94,2024-06-02T05:55:00,DEV_02060
d2e624ee-be62-419f-b9ca-1f8ee859d3fb,ACC_0198,ACC_0104,43312.21,2024-06-01T09:04:00,DEV_04445
09a80d8e-91e6-4fc9-a9ac-ac994cb4b938,ACC_0045,ACC_0029,33221.69,2024-06-01T10:45:00,DEV_01080
4c4cd599-397d-4f99-8404-0706414ad804,ACC_0132,ACC_0061,14284.35,2024-06-02T18:08:00,DEV_01756
c0323dbb-58ee-4430-bfc6-2bcd84c41f14,ACC_0074,ACC_0054,21779.03,2024-06-03T00:35:00,DEV_04970
78415dcb-ad78-4ba8-9436-a7e2ccd0a747,ACC_0071,ACC_0113,4335.35,2024-06-02T04:30:00,DEV_01921
2dabb45b-13dd-454f-b24f-5cc67cbb9cf5,ACC_0111,ACC_0025,37356.41,2024-06-02T10:26:00,DEV_01066
1ece4598-7566-4198-8c1d-c0216be454bb,ACC_0028,ACC_0161,15272.72,2024-06-03T04:37:00,DEV_04159
0b7441bc-2bbd-4a3c-8f38-d5d412527972,ACC_0072,ACC_0009,34668.2,2024-06-01T23:49:00,DEV_03633
71d6cb57-8342-4a87-8573-c0c508d007ae,ACC_0114,ACC_0043,34852.36,2024-06-01T10:58:00,DEV_00377
8fa546e6-1cdd-4449-b758-f1527570b4d2,ACC_0064,ACC_0191,28287.16,2024-06-02T02:56:00,DEV_04789
14363c20-3b83-4987-aef1-b10b7fba832f,ACC_0180,ACC_0028,19435.43,2024-06-01T11:38:00,DEV_03856
9a967516-7e12-4c88-a7b4-4cd0bcb04e62,ACC_0079,ACC_0059,11534.49,2024-06-03T06:03:00,DEV_01583
16e9d5ba-f421-4fa9-b4de-b64c5b393d58,ACC_0111,ACC_0026,39757.46,2024-06-01T16:48:00,DEV_04517
c5ddc205-0854-4a77-b2e4-1a5691cbb98b,ACC_0162,ACC_0047,40668.32,2024-06-01T13:18:00,DEV_03750
97a7ec6e-b769-4b0e-bc3a-239e2824c847,ACC_0110,ACC_0141,22572.28,2024-06-01T19:51:00,DEV_03889
7495442b-dede-4da5-917a-bed437e88a7b,ACC_0126,ACC_0183,45529.28,2024-06-01T14:01:00,DEV_00662
ee7ed75a-8496-4c72-807f-aca0caae7ba9,ACC_0140,ACC_0010,41811.62,2024-06-03T00:45:00,DEV_04527
b0d3ced5-246a-4e5b-9fee-6ecac1141ae4,ACC_0157,ACC_0124,10016.88,2024-06-02T01:49:00,DEV_02286
6cef4975-d7a0-4bc2-b1a7-3757d8e7e0ed,ACC_0028,ACC_0061,19377.15,2024-06-02T09:30:00,DEV_04709
a88efbfc-3968-46da-b303-727871178483,ACC_0003,ACC_0171,40945.84,2024-06-02T05:26:00,DEV_00849
dd8557c7-5660-46d9-ad56-023ba8d978cf,MULE_D4,MULE_D1,104823.97,2024-06-01T09:34:00,MULE_DEV_L4
e34d31e6-911b-49c9-bf02-b462b3c953cf,ACC_0013,ACC_0086,12556.42,2024-06-01T17:35:00,DEV_04626
a91c00d3-3ced-456a-bd60-a910cc8557d4,ACC_0173,ACC_0137,19310.09,2024-06-02T06:37:00,DEV_03998
470357a0-419e-4b14-9978-f649333f070f,ACC_0085,ACC_0008,6209.3,2024-06-02T02:49:00,DEV_01463
602e886e-2f08-4f4c-aa49-32c577a88275,ACC_0084,ACC_0047,24633.23,2024-06-02T09:13:00,DEV_02117
dcbfbfc9-cf9a-4993-9dc8-445cd8a76754,ACC_0080,ACC_0028,29144.32,2024-06-02T06:17:00,DEV_04717
7620ffaf-a3a8-46d3-be6d-09e67fec302a,ACC_0135,ACC_0106,38572.88,2024-06-03T00:14:00,DEV_00605
fd04a956-d873-44f8-80e3-a1cca0d2ba45,ACC_0135,ACC_0021,20090.06,2024-06-02T06:10:00,DEV_02782
3b5324e4-5641-4897-9b02-7c3779a7308a,ACC_0153,ACC_0138,1313.53,2024-06-02T20:10:00,DEV_04711
f1d4dd3b-bc2c-4467-a319-481c905260b0,ACC_0142,ACC_0105,5113.76,2024-06-01T16:44:00,DEV_03781
223b2eac-081e-465d-af21-d12698f36537,ACC_0062,ACC_0184,7606.91,2024-06-02T14:18:00,DEV_00013
81fb0823-86a2-4dac-8e0d-293260dbf67c,ACC_0160,ACC_0178,20175.03,2024-06-01T14:28:00,DEV_02692
fea74f9c-af39-4be1-96db-4a2bdd514219,ACC_0100,ACC_0198,29411.35,2024-06-03T08:28:00,DEV_00161
c9c9fc68-9ec6-4199-9bd8-ae628eb47313,MULE_ORIGIN,SMURF_03,5586.86,2024-06-01T09:04:30,MULE_DEV_SMURF
18726876-ec31-4177-a523-8235c5e4a302,ACC_0024,ACC_0193,42509.59,2024-06-01T20:21:00,DEV_03330
a84d0506-9355-41d1-9d8e-556dae4f43e0,ACC_0048,ACC_0128,34756.7,2024-06-02T10:04:00,DEV_04254
38f6920b-d1c2-4037-87d0-410d9b8c84fa,ACC_0180,ACC_0078,32636.7,2024-06-01T16:57:00,DEV_01146
681b18e2-9714-4ec3-9dcd-59b08b312f0f,ACC_0183,ACC_0080,20249.72,2024-06-03T06:51:00,DEV_03060
33dce8b7-daa1-4d84-8471-6c8cccf3199f,ACC_0021,ACC_0084,33214.84,2024-06-02T05:55:00,DEV_03653
f80c8530-75f9-4262-b01d-4d79b75f2662,ACC_0073,ACC_0127,30076.58,2024-06-03T05:39:00,DEV_03856
fb4eeb93-f7dd-4ae9-a10c-d857778838d7,ACC_0146,ACC_0184,16076.24,2024-06-03T05:44:00,DEV_04090
57eca5f5-1613-4f21-8f37-eee0dfb799f6,ACC_0052,ACC_0034,39431.6,2024-06-02T09:58:00,DEV_04349
617618c4-c867-445a-b544-1ac6f6576ba1,ACC_0015,ACC_0131,4465.44,2024-06-01T21:41:00,DEV_00562
a2b2c4dc-03ed-4758-b08f-7828157743b0,ACC_0153,ACC_0136,15097.14,2024-06-02T19:30:00,DEV_04960
6bf7ba81-96be-45b7-875e-1b554469199d,ACC_0031,ACC_0145,39239.67,2024-06-02T08:42:00,DEV_04365
80fc7ed5-7dc3-4953-a89b-3eab192db63b,ACC_0179,ACC_0198,15428.04,2024-06-03T07:42:00,DEV_04919
d4d7b450-a61e-4489-b55f-f3391dea2bc9,ACC_0175,ACC_0133,17553.14,2024-06-02T22:38:00,DEV_04816
9d0ec4d5-c71b-4436-9146-2ad4a58de050,ACC_0137,ACC_0088,27539.98,2024-06-03T07:08:00,DEV_02166
28e0b251-bf31-4400-99a0-e0b99dabb4c4,ACC_0198,ACC_0149,36891.02,2024-06-02T07:41:00,DEV_01093
5aaf6961-2182-4719-a9a2-0abf40df315b,ACC_0075,ACC_0077,42641.57,2024-06-03T08:48:00,DEV_01427
c26120c3-ce9f-49e0-9735-7cc473e436da,ACC_0077,ACC_0117,4112.09,2024-06-01T13:05:00,DEV_01295
8b313c9c-8ccf-4ee3-a189-a5930a77c475,ACC_0102,ACC_0154,3211.65,2024-06-01T22:57:00,DEV_02470
9355a575-ca83-420b-8f7f-14468b9c6858,ACC_0171,ACC_0098,34026.56,2024-06-01T20:52:00,DEV_04663
afa9baf5-43ec-459f-837d-085b52c3534e,ACC_0062,ACC_0182,8339.56,2024-06-02T22:36:00,DEV_00113
0cc69e85-8a40-49ca-973e-613eb2a777bc,ACC_0157,ACC_0023,3754.47,2024-06-02T12:10:00,DEV_03922
beb64a7d-4652-4876-8f78-eb8005685d07,SMURF_02,MULE_AGG,7710.5,2024-06-01T09:27:30,MULE_DEV_SMURF
d7e2bd5a-fa71-4138-b9d9-269e5a756e21,ACC_0024,ACC_0193,12125.76,2024-06-02T06:11:00,DEV_01841
4eb24d17-22b3-4de2-a9a7-25c60c946389,SMURF_04,MULE_AGG,7463.54,2024-06-01T09:28:30,MULE_DEV_SMURF
b627c7c7-dc58-40e2-a0c7-73754db4135b,ACC_0095,ACC_0120,40280.45,2024-06-02T22:39:00,DEV_01064
4a76703f-556d-4ae9-b512-f363f6cf7049,MULE_ORIGIN,SMURF_05,6756.09,2024-06-01T09:06:00,MULE_DEV_SMURF
30cd212c-09e3-4237-9701-ec28d3889d20,ACC_0062,ACC_0015,12422.9,2024-06-02T23:43:00,DEV_00646
bf3318a8-267e-4a90-bd36-ab108afdabbb,ACC_0057,ACC_0176,16551.67,2024-06-01T12:49:00,DEV_01877
50de8ecd-6a58-4384-9dbc-5ef7c234934f,ACC_0116,ACC_0010,3316.0,2024-06-02T04:35:00,DEV_00629
ee84ad63-96db-478e-b9e6-3531b84a97d2,ACC_0131,ACC_0122,39789.11,2024-06-01T20:35:00,DEV_00695
1b668cf6-ff57-456b-9975-3aab752f8cde,MULE_C3,MULE_C1,77412.57,2024-06-01T09:16:00,MULE_DEV_L3C
e2f65087-7dcc-419a-b237-3869657638f4,ACC_0112,ACC_0163,40804.31,2024-06-01T15:13:00,DEV_03851
60176ef4-e434-4b39-ae1e-7be742bb591f,ACC_0008,ACC_0047,14026.61,2024-06-02T06:05:00,DEV_02784
c326a2fa-52df-4a8c-a188-4feede78c400,ACC_0153,ACC_0182,46930.17,2024-06-02T06:08:00,DEV_04579
940aa95b-f3ab-4596-849a-b40a31e024ed,ACC_0003,ACC_0029,4224.5,2024-06-03T08:10:00,DEV_01222
7ca6106f-14af-4dd3-b80e-9507782aba40,ACC_0139,ACC_0120,21080.41,2024-06-01T23:07:00,DEV_03442
e88e3b1c-f3a2-45ba-ab97-a13cd0ea7586,ACC_0031,ACC_0146,12687.41,2024-06-03T01:35:00,DEV_00326
17f45e10-21e7-43a1-944d-9b08189511f3,ACC_0177,ACC_0122,32471.55,2024-06-02T18:30:00,DEV_03672
3fb2f7c4-744d-407e-8a43-08183db38793,ACC_0179,ACC_0062,28803.41,2024-06-02T00:56:00,DEV_03366
1017318f-0c10-4cbc-8348-075f94492407,ACC_0137,ACC_0062,15818.35,2024-06-02T17:01:00,DEV_01590
b446079b-8c7b-4484-9c70-0b99c6679167,ACC_0130,ACC_0080,33510.53,2024-06-02T07:16:00,DEV_03297
47897228-2652-43e8-af8e-1b8507bdabd0,ACC_0031,ACC_0143,38339.19,2024-06-03T02:23:00,DEV_04884
0f34e89a-8fbf-4212-a900-b0c68dae9cdd,ACC_0084,ACC_0157,11457.46,2024-06-01T13:18:00,DEV_03804
124051a8-f841-45d1-b73b-e81cd79e7283,ACC_0170,ACC_0103,40770.71,2024-06-02T22:33:00,DEV_00301
f818f129-7533-4bc1-acb6-4df47a2612d6,ACC_0164,ACC_0060,3098.26,2024-06-02T13:12:00,DEV_02706
b1dfb5a7-bb53-47aa-a03a-653639199101,ACC_0170,ACC_0167,49049.52,2024-06-02T18:48:00,DEV_00304
5f8b2d29-8ca2-411d-9000-a83202e14ade,ACC_0123,ACC_0090,28243.58,2024-06-02T03:40:00,DEV_02358
4dd467ae-e153-4d55-b7d9-5f7192d8d56f,ACC_0144,ACC_0172,40406.1,2024-06-01T13:55:00,DEV_03253
2498ed88-1297-417e-a84e-b7927d8c7a73,ACC_0158,ACC_0091,12407.69,2024-06-02T13:26:00,DEV_01535
2d703d3a-97fd-40d8-a780-20512568a57c,ACC_0138,ACC_0176,36111.07,2024-06-03T06:46:00,DEV_01615
4f474ab7-301a-4895-9609-7aa9fae0bd4d,ACC_0120,ACC_0187,3181.42,2024-06-03T05:36:00,DEV_00807
04ac7a3b-f42c-4663-9b47-079d444c83cc,ACC_0020,ACC_0076,42298.36,2024-06-01T15:54:00,DEV_04159
57185478-a264-4fd0-b531-07879cb38664,ACC_0009,ACC_0060,14760.9,2024-06-02T04:18:00,DEV_03720
0fb98494-8dcd-4c5e-8308-a6a447c1d04d,ACC_0108,ACC_0042,40935.3,2024-06-03T02:16:00,DEV_01134
62dd69ac-117a-436b-a5f6-13c2c8fe3407,ACC_0053,ACC_0176,31894.14,2024-06-02T03:01:00,DEV_04141
16984f3c-3a7c-4de9-8217-772fa2e9251a,ACC_0171,ACC_0172,4737.81,2024-06-02T09:37:00,DEV_00555
50b4bfe7-442b-4907-bcb6-ad073fc87fa7,ACC_0005,ACC_0024,15064.37,2024-06-02T12:36:00,DEV_01994
595eec18-606b-4239-b1b7-addb246b25d6,ACC_0040,ACC_0174,22770.72,2024-06-02T10:19:00,DEV_03048
67329690-96b2-4c30-8b85-ec097c3be570,ACC_0117,ACC_0095,33688.4,2024-06-03T08:32:00,DEV_04426
3d2c867d-bfaa-4b0a-b909-102ac3de380f,ACC_0153,ACC_0097,8135.36,2024-06-01T21:20:00,DEV_01357
8a679f51-ea5e-4605-afd2-0a09d8308bde,ACC_0019,ACC_0148,31656.93,2024-06-01T12:39:00,DEV_01243
4571e771-4334-41f0-b6af-3228d280121e,ACC_0039,ACC_0145,47480.77,2024-06-01T14:48:00,DEV_02034
24e17370-891d-47a8-a352-4af750877d2e,ACC_0154,ACC_0131,37440.73,2024-06-01T18:19:00,DEV_00572
ff613f3f-7fc6-4b9d-918c-24aa627a69c1,ACC_0159,ACC_0058,38896.05,2024-06-02T10:58:00,DEV_03691
96068a17-fb53-4c35-a4df-fb6837652e9e,ACC_0090,ACC_0007,21036.98,2024-06-02T12:03:00,DEV_04113
5d81486d-f07f-47aa-ab65-d47de6ba642a,ACC_0090,ACC_0105,16998.43,2024-06-03T06:44:00,DEV_00857
1041e9df-772d-4c2f-be52-08e395dcfcc3,ACC_0141,ACC_0026,3004.07,2024-06-02T21:54:00,DEV_00121
07194ee5-2cba-4673-8be0-ad3de28a0d03,ACC_0126,ACC_0065,45313.25,2024-06-01T12:28:00,DEV_00757
33d4a258-4a16-4b07-884b-1268a9c0d668,ACC_0189,ACC_0083,30383.22,2024-06-01T10:45:00,DEV_00749
7f013108-a582-41a5-9325-ff1b0c9f7395,ACC_0125,ACC_0057,14010.02,2024-06-02T18:09:00,DEV_00238
d8ca63b0-439f-4a77-a623-624153b06c62,MULE_ORIGIN,SMURF_04,4260.66,2024-06-01T09:05:15,MULE_DEV_SMURF
3035278c-8b2f-427f-88a5-ddf0186384eb,ACC_0065,ACC_0014,32237.72,2024-06-02T10:20:00,DEV_04543
1cc44aa9-b895-4568-afda-5eaf68d2c055,ACC_0009,ACC_0081,20357.26,2024-06-01T13:31:00,DEV_01729
9941bf9a-ecdb-45a8-b997-9132347b518d,ACC_0117,ACC_0163,41787.63,2024-06-01T20:06:00,DEV_03033
c2fd8514-a4e8-49c5-a447-6522f31ecad5,ACC_0108,ACC_0151,37241.57,2024-06-01T19:32:00,DEV_03399
bd0795ac-a87c-46a4-8054-39331ebb6eb6,ACC_0156,ACC_0163,8971.19,2024-06-02T01:42:00,DEV_01339
60cc83dd-2fad-47db-844b-37c6e57e529a,ACC_0062,ACC_0185,20617.79,2024-06-02T22:54:00,DEV_01969
725c380b-06d3-4aa0-a681-244c348aa312,ACC_0042,ACC_0085,20876.02,2024-06-02T18:49:00,DEV_02362
2a11d333-b27a-4362-9157-4ac6169ed127,SMURF_03,MULE_AGG,9169.38,2024-06-01T09:28:00,MULE_DEV_SMURF
2d1ba207-d614-45f1-a7ff-aa49449d10cf,ACC_0102,ACC_0165,23212.71,2024-06-02T03:04:00,DEV_01144
92136926-78a8-4ae0-9e85-bf84a02b40e7,ACC_0016,ACC_0123,42440.43,2024-06-02T14:06:00,DEV_00885
441fb061-60c1-42aa-9502-5ebaa60349d8,ACC_0095,ACC_0174,47382.0,2024-06-02T15:04:00,DEV_03783
3d109c69-bf08-4948-9b57-77a6404174de,MULE_A2,MULE_A3,60514.46,2024-06-01T09:48:00,MULE_DEV_L3A
f4cdc661-9bc9-42c2-994f-7d9eaf4f114a,ACC_0200,ACC_0109,11332.42,2024-06-03T08:30:00,DEV_04244
5ffb8897-ba8b-4be4-a2de-cb1d98342481,ACC_0019,ACC_0176,12054.24,2024-06-02T03:03:00,DEV_04832
8e57d9d0-5aa8-4754-beef-5dd002071302,MULE_D3,MULE_D4,113775.7,2024-06-01T09:21:00,MULE_DEV_L4
e7926d57-0bec-40f7-8e94-32d33db94f7d,ACC_0010,ACC_0076,10478.55,2024-06-01T22:37:00,DEV_00344
a705be28-59b4-441d-8354-33c617bf055d,ACC_0012,ACC_0082,37362.16,2024-06-02T11:01:00,DEV_03163
4bd519a9-90a9-4c3d-92f0-c7e03307747e,ACC_0151,ACC_0056,40745.31,2024-06-02T00:54:00,DEV_02692
38816da5-c221-42fa-b154-04221c33bdd7,ACC_0021,ACC_0060,43390.08,2024-06-02T10:56:00,DEV_02278
beec3350-ed55-4cd7-bfa1-a25d49be663a,ACC_0097,ACC_0165,39686.48,2024-06-01T17:43:00,DEV_04313
ecee46f1-2435-48bd-ad36-ca5db19a625d,ACC_0115,ACC_0138,24474.41,2024-06-02T07:41:00,DEV_04522
bb300974-c7ad-452c-8ad7-b38ba4dd28c0,ACC_0038,ACC_0112,5039.73,2024-06-02T00:09:00,DEV_03696
ffed048b-d167-4344-8018-c0d8fabea86b,ACC_0080,ACC_0113,2151.51,2024-06-02T09:54:00,DEV_01077
39237361-12af-4679-9450-681134b3b16f,ACC_0050,ACC_0049,27045.61,2024-06-01T18:34:00,DEV_03457
03ba9daa-82da-437c-a23e-a95aa7d97457,ACC_0058,ACC_0008,16274.58,2024-06-01T15:45:00,DEV_02747
40ff1052-851f-4827-a375-f6d46a3801d9,SMURF_08,MULE_AGG,5736.04,2024-06-01T09:30:30,MULE_DEV_SMURF
1bd89847-b9ac-437b-9740-ee32332a985e,ACC_0116,ACC_0064,7473.3,2024-06-01T12:27:00,DEV_02378
49276ea3-9a3c-41e8-9ca5-038d5b52c712,ACC_0161,ACC_0025,45217.58,2024-06-03T05:07:00,DEV_00323
966f6f0e-b705-4a63-894a-a7b9efbb02d1,ACC_0185,ACC_0068,48607.49,2024-06-01T21:11:00,DEV_04159
a116be42-4f0f-4505-8d6d-a47f95a65846,ACC_0128,ACC_0150,7584.18,2024-06-02T16:28:00,DEV_02081
1fc17171-f3aa-4919-aefd-a3bae5bc5bd4,ACC_0035,ACC_0068,36510.92,2024-06-02T12:31:00,DEV_02998
ceaeb786-919d-443d-b9c6-b1d912873f28,ACC_0057,ACC_0052,40920.22,2024-06-02T16:25:00,DEV_02865
19e09aff-7351-4ad2-9366-54d916c5874c,ACC_0114,ACC_0157,14603.65,2024-06-02T15:38:00,DEV_01917
99ecf5a0-a51e-40b0-8559-57f5aa5785f6,ACC_0151,ACC_0057,855.94,2024-06-03T04:04:00,DEV_00483
da3adda2-385a-43f7-9fc5-0db1ef63e76e,ACC_0031,ACC_0166,41690.25,2024-06-02T19:01:00,DEV_02391
fd4a3bff-8085-4042-9e48-8983c7983e95,ACC_0076,ACC_0192,43583.78,2024-06-01T16:51:00,DEV_03837
0fe681ff-5867-4d41-a225-476f85adc15a,ACC_0033,ACC_0082,32295.12,2024-06-02T15:43:00,DEV_03817
952db997-672f-4466-8f8d-4389b4624731,ACC_0118,ACC_0160,49922.5,2024-06-01T15:49:00,DEV_00601
d6791178-daed-40d3-83fb-d63df50a098b,ACC_0013,ACC_0150,24100.55,2024-06-02T21:15:00,DEV_01290
ee5a31c1-5eba-4c18-b819-5644738b0eba,ACC_0012,ACC_0010,15565.74,2024-06-02T18:37:00,DEV_00952
78a6236d-052f-471d-b3d5-47d951e70428,ACC_0090,ACC_0115,2596.54,2024-06-02T09:04:00,DEV_03564
80d8f937-6e30-46ab-8b02-b12c13e57303,ACC_0172,ACC_0189,40631.28,2024-06-02T03:12:00,DEV_01305
b5cabd90-33c9-4bc7-a6d3-a97519fbe0b9,ACC_0033,ACC_0025,19997.84,2024-06-02T08:08:00,DEV_04570
e7c55160-0126-40b3-9434-2bece5d98969,ACC_0114,ACC_0061,42843.93,2024-06-01T15:46:00,DEV_03010
354814bc-0642-4bf3-8cc8-9f19a06d2190,ACC_0070,ACC_0032,40066.65,2024-06-02T14:49:00,DEV_03277
0b112eb5-a61c-4fc8-a915-e21f7b8e21da,ACC_0074,ACC_0138,904.77,2024-06-01T16:20:00,DEV_03531
90a73e70-90a2-41b1-814d-ec93cfe6ac9b,ACC_0071,ACC_0038,49381.61,2024-06-02T21:52:00,DEV_02054
2774af15-6a6a-47de-a8ad-0f477182baf1,ACC_0110,ACC_0150,20269.93,2024-06-01T23:58:00,DEV_01134
3c65c109-106b-4d60-b659-68254f5111ae,ACC_0195,ACC_0135,30040.54,2024-06-01T15:51:00,DEV_01591
0828b868-c01c-470c-bd02-fadbbc6622d0,ACC_0089,ACC_0062,36779.85,2024-06-03T03:53:00,DEV_00850
8ba2b480-57a7-470f-9dcf-2c478b042d98,ACC_0150,ACC_0098,41208.83,2024-06-02T10:21:00,DEV_00888
4c7df99c-5ca7-4e82-ad8d-7727cb893175,ACC_0114,ACC_0196,4305.75,2024-06-01T18:23:00,DEV_04338
03e711f2-90dc-4c14-bd73-ce43488f0736,ACC_0068,ACC_0138,6617.52,2024-06-02T10:09:00,DEV_02148
ddf3b5ea-8054-4d7a-b3c3-391f322122eb,ACC_0040,ACC_0161,8418.95,2024-06-03T07:27:00,DEV_03459
44e57bac-743b-4272-bf1a-86adcbce955d,ACC_0176,ACC_0122,3823.03,2024-06-01T14:49:00,DEV_00764
6883e48f-9e12-4c91-bdb5-8dd4639861bc,ACC_0166,ACC_0024,30942.3,2024-06-02T19:36:00,DEV_03150
c2be7710-0ca9-4f97-8734-081726b853d3,ACC_0051,ACC_0038,1709.03,2024-06-02T01:42:00,DEV_03893
b29736b6-f2d8-4fe9-b518-2265641c7166,ACC_0089,ACC_0187,39427.41,2024-06-02T14:47:00,DEV_04967
32aa21bf-8bbb-47a9-89cc-3e51278e7b0b,ACC_0061,ACC_0027,7748.84,2024-06-01T22:28:00,DEV_01422
d205c008-6878-428e-9cbb-0a8afba2ccf8,ACC_0025,ACC_0061,44418.45,2024-06-01T18:15:00,DEV_03184
98f12a72-6244-47ec-aed3-3bb82884cf90,ACC_0020,ACC_0121,39184.72,2024-06-02T03:05:00,DEV_02774
1984986a-b3f5-44d9-88ab-06a93528efa8,ACC_0140,ACC_0166,18254.0,2024-06-02T12:10:00,DEV_02261
f8a55faf-f4b8-48e5-b1bd-97f7c7117d29,ACC_0086,ACC_0021,29345.02,2024-06-01T18:39:00,DEV_02866
de633e2c-b808-440b-8933-4b25d5f98489,ACC_0011,ACC_0196,37934.55,2024-06-02T17:07:00,DEV_04252
19663648-7657-4ffd-b571-f5e085100ade,ACC_0123,ACC_0030,41193.9,2024-06-02T12:21:00,DEV_04029
86969086-c221-49b2-8dce-e4af44f37e5a,ACC_0091,ACC_0027,29106.39,2024-06-01T23:31:00,DEV_01268
2f0e91cb-38e8-4051-ad58-6464c4ee9e36,ACC_0095,ACC_0085,33852.74,2024-06-02T13:26:00,DEV_04782
7a84e883-14ca-4788-9040-a59c32496567,ACC_0153,ACC_0018,33922.35,2024-06-02T01:03:00,DEV_03308
bae05ed8-2b0e-48eb-af33-385e531acdb0,ACC_0171,ACC_0089,35621.54,2024-06-02T22:32:00,DEV_04442
7e8ef330-57e3-45d7-bdae-a7f0d898d800,ACC_0103,ACC_0129,2492.58,2024-06-01T11:39:00,DEV_01123
b573d2bf-3da5-48f5-b5bb-4cbf23e46968,ACC_0131,ACC_0030,19566.79,2024-06-03T00:21:00,DEV_01558
afe46dfc-564c-4b3d-bb7d-72991e613790,ACC_0066,ACC_0012,35584.16,2024-06-01T09:06:00,DEV_04260
0c7401aa-b81e-4602-a811-b2d537f99f00,ACC_0007,ACC_0156,46488.74,2024-06-03T08:20:00,DEV_02191
dc2617d7-4273-496b-a9fd-466a0c7123fb,ACC_0142,ACC_0075,35021.46,2024-06-01T17:37:00,DEV_04022
9d45f06c-e2aa-41ad-bdcc-367e985f3869,ACC_0143,ACC_0077,11630.69,2024-06-02T05:19:00,DEV_02368
a9a0bd24-5566-47aa-aeac-b6ba9463e012,ACC_0163,ACC_0142,14085.05,2024-06-03T03:40:00,DEV_02481
d3d15b96-6ed3-4948-87e3-2c4f70320b9d,ACC_0074,ACC_0183,4411.88,2024-06-02T15:11:00,DEV_02101
b5fe6583-3d45-462b-b85b-f800f15c93f6,ACC_0011,ACC_0064,35526.57,2024-06-02T14:59:00,DEV_04294
c322e986-7c2b-4c19-bea5-9630eebb46d3,ACC_0043,ACC_0156,30558.14,2024-06-01T16:49:00,DEV_01342
d3075808-8b17-49e1-b097-34d89ebf4749,ACC_0006,ACC_0100,43729.03,2024-06-01T11:58:00,DEV_03170
9a3f9858-ea8d-46dd-aa77-0bb6601cc077,ACC_0080,ACC_0168,35074.06,2024-06-02T11:45:00,DEV_01057
1fd71791-2bf1-4322-9463-9a5fd0b7c1cb,ACC_0071,ACC_0003,28512.92,2024-06-03T07:49:00,DEV_00402
4bfd5b0a-8c5b-4bab-9897-c012b1295594,ACC_0129,ACC_0039,47906.3,2024-06-02T15:45:00,DEV_00848
2ffc4d3e-c7e3-47e7-ba7b-1bdf9be2f383,ACC_0042,ACC_0083,46768.59,2024-06-02T00:23:00,DEV_02835
42a5b290-da22-4477-b880-e58fd24cf703,ACC_0134,ACC_0081,46767.03,2024-06-01T22:56:00,DEV_02574
6d6f4e05-d45a-4d90-8054-0db8ab6e8806,ACC_0160,ACC_0040,12307.74,2024-06-02T17:19:00,DEV_00938
31fc5e99-a036-4f0a-abbd-14eb37ccfbf3,ACC_0033,ACC_0129,48284.04,2024-06-02T07:39:00,DEV_00823
4cc2f3b9-e0ee-4c34-8df6-bde59dcbf70a,ACC_0059,ACC_0018,45317.39,2024-06-02T07:33:00,DEV_00581
7825f028-5ffb-40d7-a581-af097a0a2b9f,ACC_0155,ACC_0040,38129.9,2024-06-03T05:44:00,DEV_00618
21a35dd7-0699-40b0-9195-a28d7c11f096,ACC_0091,ACC_0054,33673.0,2024-06-03T08:54:00,DEV_00585
76c9747d-3b85-4874-95eb-9f2eeaea6dd3,ACC_0094,ACC_0102,16061.76,2024-06-02T04:01:00,DEV_02045
d518a39b-257e-4d1c-9d42-5fe8c5b5e937,ACC_0134,ACC_0157,8357.78,2024-06-02T10:27:00,DEV_02318
ee1b3599-4190-46e3-916c-8beb29018167,ACC_0050,ACC_0056,37060.19,2024-06-02T03:52:00,DEV_04830
acb75264-a28d-4a63-b1d2-58e1b4b42f6b,ACC_0159,ACC_0118,41684.45,2024-06-02T09:42:00,DEV_00722
18e1466b-2734-4b6f-b0c0-e3d086ff80e3,ACC_0100,ACC_0144,6329.05,2024-06-02T02:46:00,DEV_03656
8343bf1a-be16-478a-8889-0048d4f9672d,MULE_B3,MULE_B1,61111.41,2024-06-01T11:08:00,MULE_DEV_L3B
250bdab1-df0d-4387-b821-38c335e830e6,ACC_0115,ACC_0200,18420.57,2024-06-03T01:31:00,DEV_00894
15a595e3-3044-446c-a233-251ae68d573c,ACC_0185,ACC_0113,2662.73,2024-06-02T09:52:00,DEV_01946
7d41dec7-0739-4851-a6b6-0090f60d8d8c,ACC_0083,ACC_0156,7842.38,2024-06-01T17:36:00,DEV_02253
bf3091ea-4932-49a8-88e7-76f0c415b516,ACC_0005,ACC_0192,27200.7,2024-06-02T08:53:00,DEV_01837
d4731be9-7bd2-48a9-924b-25b80bca7c06,ACC_0112,ACC_0046,36822.13,2024-06-03T05:24:00,DEV_02213
8fc13e19-e48e-4f77-b8bd-103746e6fe65,ACC_0197,ACC_0200,26303.82,2024-06-03T03:47:00,DEV_01960
855dc5dc-d5c6-467c-a7c2-995582b2d887,ACC_0021,ACC_0005,13167.98,2024-06-01T19:12:00,DEV_04496
f91c6995-6ad2-4d5b-b655-9074e8484eb3,ACC_0063,ACC_0117,27787.07,2024-06-02T11:11:00,DEV_01562
5e524237-5ec2-402a-b069-5645230c25b6,ACC_0078,ACC_0104,27622.34,2024-06-01T09:01:00,DEV_02490
3c0059d8-b752-4c70-a796-27a5f6df065d,ACC_0114,ACC_0077,43077.39,2024-06-02T14:16:00,DEV_02502
1542e72d-cba0-43e5-a7fc-4253010dca47,ACC_0082,ACC_0194,44624.69,2024-06-03T02:49:00,DEV_04136
73a92014-176b-4dbc-85dd-5714e8efe81f,MULE_B1,MULE_B2,73732.22,2024-06-01T10:54:00,MULE_DEV_L3B
515fcf0c-25a2-4563-9f1c-fddc1c38799e,ACC_0157,ACC_0197,4104.92,2024-06-02T13:17:00,DEV_04716
84fc3dce-2635-40a8-96b3-0606e5bf2f17,ACC_0110,ACC_0170,18842.89,2024-06-02T19:32:00,DEV_02796
f86ea1f3-e7e8-4140-ab60-e1586bcc7cfc,ACC_0139,ACC_0010,31063.63,2024-06-02T01:01:00,DEV_02355
a29994de-7fd9-4a76-ad42-ea17a8d3a6a3,ACC_0125,ACC_0124,11080.28,2024-06-02T12:22:00,DEV_00481
a660f4fa-5390-447e-a6a1-3a9e0e862c74,ACC_0086,ACC_0198,6975.44,2024-06-02T02:52:00,DEV_01324
7a628d50-25a8-42e3-8a56-098bfb867209,ACC_0156,ACC_0051,8065.39,2024-06-01T20:01:00,DEV_04419
a5d1aec8-805a-4d92-a0cf-983c8e813f3b,ACC_0046,ACC_0198,31582.84,2024-06-02T16:40:00,DEV_04619
a65ae7d3-75e5-4bd1-bdf8-d2985032862e,ACC_0016,ACC_0043,39734.32,2024-06-03T01:37:00,DEV_04663
45b6f192-95f0-4505-9cb7-3b7d83a75e00,ACC_0175,ACC_0138,37667.7,2024-06-03T04:45:00,DEV_02787
cb64cab5-840c-445d-ba16-bdb11379dc6f,ACC_0093,ACC_0163,44632.07,2024-06-02T16:23:00,DEV_01254
eea6e355-ec86-4781-a747-84b8ac4a6f18,ACC_0024,ACC_0076,16672.27,2024-06-02T13:21:00,DEV_01439
a276af0b-a23e-4614-8e7c-3bd9a1f458a4,ACC_0117,ACC_0023,16068.28,2024-06-02T07:04:00,DEV_00950
62706a3a-3b0b-4ddc-b7a7-8f21aa4d3733,ACC_0055,ACC_0157,14635.77,2024-06-02T18:31:00,DEV_01640
2728558f-7965-46ae-ac26-7a5e423e0bf9,ACC_0180,ACC_0104,47161.53,2024-06-02T19:09:00,DEV_04424
487586b0-ff83-4537-a029-7994341bf735,ACC_0055,ACC_0197,7292.99,2024-06-02T02:26:00,DEV_02372
28c8cebf-0c25-49d8-91dc-39276b335792,ACC_0133,ACC_0073,42372.87,2024-06-02T02:06:00,DEV_01609
78e57693-ebbb-46c9-bf7c-c46c549870d5,ACC_0143,ACC_0095,6186.71,2024-06-02T04:01:00,DEV_04704
dbf6df13-d076-4985-add9-d11f45169364,ACC_0035,ACC_0068,6213.6,2024-06-01T16:18:00,DEV_04533
898a3d59-32fe-43b3-98f7-dbb984c3241e,ACC_0012,ACC_0103,3032.25,2024-06-02T23:21:00,DEV_01595
931aaa13-7805-4596-84e3-8b305f4d5acd,ACC_0061,ACC_0078,6531.37,2024-06-02T01:16:00,DEV_03440
6cc5dcb5-c58c-4cf8-92a8-237dd81db9bc,ACC_0114,ACC_0162,15489.31,2024-06-02T03:45:00,DEV_04845
aef3f931-d8bf-4d9e-9736-174d98499b30,ACC_0184,ACC_0121,5476.87,2024-06-01T18:23:00,DEV_00043
5a57c1fe-d0dc-40bd-9f1b-2c2b3c9fcb24,ACC_0013,ACC_0067,19265.26,2024-06-01T23:26:00,DEV_03725
5fb423ee-99d9-496b-b0ef-a02853a284c1,ACC_0092,ACC_0200,2866.25,2024-06-03T05:45:00,DEV_02720
ec1f2cf3-903c-4eec-a600-53557653b5a7,ACC_0157,ACC_0172,19259.59,2024-06-01T10:57:00,DEV_04050
281d652a-2d92-4ab8-bffc-99e90910443d,ACC_0027,ACC_0183,42370.82,2024-06-01T17:30:00,DEV_02336
49af70d0-7683-4533-bd5f-479606406537,MULE_C2,MULE_C3,81214.57,2024-06-01T09:10:00,MULE_DEV_L3C
45ab9cd3-fbf6-489b-98b4-3ff12592d0f5,ACC_0032,ACC_0147,33992.12,2024-06-02T10:55:00,DEV_03233
266c4d5a-100d-4219-a2a7-50b73c8b46c6,ACC_0198,ACC_0139,41837.6,2024-06-02T20:56:00,DEV_00310
bccfeff4-7628-428c-b954-54e70b6ed130,ACC_0119,ACC_0013,28091.03,2024-06-01T17:17:00,DEV_03740
8b4c0c7d-fd77-4ec0-9f7f-ad6aeeea433f,ACC_0190,ACC_0011,22092.43,2024-06-02T16:23:00,DEV_00638
5111d0ae-6ebe-4a6a-9993-13ae9122efe7,ACC_0196,ACC_0140,19171.52,2024-06-02T06:58:00,DEV_01546
fc7c6f59-f2f9-4b13-aad1-2f532d39e3d9,ACC_0197,ACC_0073,39016.36,2024-06-02T19:19:00,DEV_04321
69d2db3b-e46e-4fae-a7a5-20ed68ea16ee,ACC_0118,ACC_0081,46485.48,2024-06-01T13:57:00,DEV_00077
2ab458a0-10e3-4680-9682-5109b44c88c0,ACC_0158,ACC_0138,38843.98,2024-06-02T16:44:00,DEV_03569
be5218bf-0aca-40b7-8183-9183579538ac,ACC_0113,ACC_0133,22848.11,2024-06-02T01:55:00,DEV_01841
63ed6497-471f-4af5-a884-14e2b8aea94a,ACC_0172,ACC_0164,20607.0,2024-06-02T20:01:00,DEV_01311
566f3f66-1d8e-455c-8185-095db0f6dccd,ACC_0038,ACC_0111,6808.43,2024-06-02T06:02:00,DEV_02988
ab20c8a8-8fd6-44cc-8ef6-2cbab414ff00,ACC_0036,ACC_0039,11947.21,2024-06-03T08:22:00,DEV_01252
4e3e6a2a-e3ec-4911-9780-b6bdb3d89c2e,ACC_0113,ACC_0026,26534.05,2024-06-02T16:11:00,DEV_00126
c6d9e811-25c8-4ebf-89f4-f4738df5c120,ACC_0156,ACC_0191,25087.5,2024-06-02T04:32:00,DEV_01886
993d608c-cb29-42a8-8b0e-dd49eda41734,ACC_0047,ACC_0197,48329.13,2024-06-02T14:32:00,DEV_04120
c81b5018-014e-4443-aad2-038244813f60,ACC_0047,ACC_0072,23399.63,2024-06-01T14:08:00,DEV_03631
488fe102-5a14-4510-a425-5cba0800ecd5,ACC_0132,ACC_0120,25188.11,2024-06-02T06:03:00,DEV_04075
572a9f5a-8806-44b0-810e-02ebb865dd6e,ACC_0174,ACC_0140,8319.64,2024-06-02T15:09:00,DEV_02831
1e6cc620-06d0-4599-ab1b-16598f156bf0,ACC_0143,ACC_0094,4969.9,2024-06-02T11:56:00,DEV_00115
cf07771b-b8f0-40d6-b27d-82199c9d64bc,ACC_0168,ACC_0026,41766.97,2024-06-03T03:01:00,DEV_03344
621ac426-aab4-4b41-a0d6-c20e125afd88,ACC_0084,ACC_0031,882.62,2024-06-02T14:23:00,DEV_01440
cd77ed75-5bdc-49b6-8a27-df57d1984de5,ACC_0151,ACC_0149,49944.67,2024-06-02T18:25:00,DEV_01218
bf0fcd9d-8ed9-4235-85a8-7cb6d57f4244,ACC_0192,ACC_0189,27533.0,2024-06-03T02:10:00,DEV_01807
252f1a4a-243d-4771-a4ca-ee6dd391acf2,ACC_0072,ACC_0116,12571.0,2024-06-02T16:43:00,DEV_04669
c57b63c0-c024-4828-a229-81f345196c9e,ACC_0148,ACC_0059,36208.58,2024-06-03T00:50:00,DEV_03936
0ab3d059-1df9-4278-bf53-a3b7fa688835,ACC_0043,ACC_0068,26619.32,2024-06-03T02:24:00,DEV_03467
667f4864-db2d-40e4-8ec9-b3c081439050,ACC_0085,ACC_0172,6550.33,2024-06-02T09:08:00,DEV_03465
8256b7cc-48c4-489b-8a1a-e34ecc080edb,ACC_0004,ACC_0092,39603.45,2024-06-02T01:14:00,DEV_04824
f786cff5-35c8-4dc1-be87-434436bb9093,ACC_0084,ACC_0087,38180.11,2024-06-02T10:52:00,DEV_02280
a9a6e1b4-af05-41b7-8bae-d8991e1f9cb2,MULE_B2,MULE_B3,53956.35,2024-06-01T10:58:00,MULE_DEV_L3B
f05d2cdb-36f8-499d-bbe3-57489de28b61,MULE_ORIGIN,SMURF_07,9532.85,2024-06-01T09:07:30,MULE_DEV_SMURF
3ca7e0ea-80e7-4967-b09f-7cfece08ea3d,ACC_0113,ACC_0107,24469.95,2024-06-01T22:55:00,DEV_02787
db742452-ee2c-4054-aca1-532ade178730,ACC_0120,ACC_0033,49044.76,2024-06-02T21:27:00,DEV_00221
06f75165-dd16-4733-bfce-48abbb45b14c,ACC_0153,ACC_0122,13643.49,2024-06-03T05:45:00,DEV_04739
322e7397-966f-40bc-8226-23be4f6f5768,ACC_0124,ACC_0063,40331.26,2024-06-03T07:45:00,DEV_03327
f7ee6e12-dfec-4ccc-a8d4-6f4958b8d62f,ACC_0038,ACC_0036,2395.97,2024-06-02T17:15:00,DEV_01137
f8d1cc28-3965-442d-b26d-868229523399,ACC_0106,ACC_0177,10592.43,2024-06-02T19:15:00,DEV_03864
4ffc86a9-24b4-4e04-8760-11746668b7fe,ACC_0190,ACC_0114,27807.63,2024-06-02T14:11:00,DEV_04595
595582eb-01d6-4a51-8a3b-0228dd7a7b0c,ACC_0151,ACC_0077,32126.83,2024-06-02T13:57:00,DEV_02049
6866e259-9eb2-49f1-8252-ac92d59df752,ACC_0065,ACC_0010,37787.15,2024-06-01T22:02:00,DEV_02344
4e293ab2-dc25-4e1c-8188-6717ebeb1151,ACC_0170,ACC_0051,21543.95,2024-06-02T22:10:00,DEV_01842
e6cfb194-aaff-456a-b76f-2536e6cf663e,ACC_0167,ACC_0052,37916.84,2024-06-02T04:36:00,DEV_02632
b529b789-ab68-4be3-82e1-9721392d352c,MULE_ORIGIN,SMURF_06,4748.83,2024-06-01T09:06:45,MULE_DEV_SMURF
41e0860d-b3bb-4140-8a26-003e0e934d97,ACC_0152,ACC_0087,25611.58,2024-06-02T19:47:00,DEV_04361
e0e699f0-1c66-4107-b1c3-63cfd8c5eeb6,ACC_0049,ACC_0005,22330.97,2024-06-02T13:35:00,DEV_01241
911d3e46-93ff-473b-af34-5a980bd9b60a,ACC_0040,ACC_0070,14446.65,2024-06-01T23:22:00,DEV_02809
4de0de26-c184-48f4-b023-04c71726b983,ACC_0093,ACC_0131,11599.74,2024-06-01T22:43:00,DEV_01138
cc988a2c-dabd-447e-a24a-c4aea9c49459,ACC_0028,ACC_0082,12465.78,2024-06-01T17:21:00,DEV_02192
b9aeac09-5893-4e6d-a60a-802f74295ec9,ACC_0167,ACC_0114,45844.69,2024-06-01T21:23:00,DEV_04796
